Model,Optimal Configuration,Train MSE,Train R2,Test MSE,Test R2
Ridge Regression,"{'alpha': 0.1, 'degree': 1}",0.8145192818400953,0.3169070371509022,1847206.8586932195,-201580.16458602753
Lasso Regression,"{'alpha': 1.0, 'degree': 1}",1.1923988770764584,0.0,9.339497222513604,-0.019196479215180196
GradientBoostingRegression,"{'n_estimators': 100, 'learning_rate': 0.1, 'max_depth': 7}",0.01601625051905476,0.986568042936837,9.071451677142406,0.010054675274495106
SupportVectorRegression,"{'kernel': 'rbf', 'C': 0.1, 'epsilon': 1}",1.2150348806366047,-0.018983583426080974,9.166963636363636,-0.0003683111285164298
BayesianRegression,"{'alpha': 0.1, 'lambda': 0.1}",0.8142631299734749,0.31712185777137136,1847207.0910954543,-201580.18994751477
kNNRegression,"{'n_neighbors': 10, 'p': 1}",0.7312602122015914,0.3867318845565284,10.140547727272727,-0.10661316072090155
RandomForestRegression,"{'n_estimators': 200, 'max_depth': None, 'min_samples_split': 2}",0.1374919098143236,0.8846930230667205,9.759395454545457,-0.06501894583403778
NeuralNetwork,"{'hidden_dim1': 64, 'hidden_dim2': 64, 'learning_rate': 0.1, 'batch_size': 10}",8.622466945113314e-05,-0.014859268719207952,9.071451677142406,-0.008945245914405486
