Model,Optimal Configuration,Train MSE (CV),Train R2,Test MSE,Test R2
Ridge Regression,"{'alpha': 0.1, 'degree': 2}",0.8859639652710863,0.13592358374116234,9.037373620574261,-0.006382126750641426
