Model,Optimal Configuration,Train MSE (CV),Train R2,Test MSE,Test R2
Ridge Regression,"{'alpha': 0.1, 'degree': 2}",0.8859639652710863,0.13592358374116234,9.037373620574261,-0.006382126750641426
BayesianRegression,"{'alpha': 0.1, 'lambda': 0.1}",1.5651401352339138,-0.5582487649368904,9.121982222222222,-0.015803955264406255
kNNRegression,"{'n_neighbors': 3, 'p': 1}",1.14969825708061,-0.10349444836581767,9.34726666666667,-0.04089113743065975
