Submission, R2Score
1, 0.04415
2, 0.15404
3, 0.04869
4,-0.23110
5,-0.33767
6, 0.16664
7,0.14525
8,0.00611
9,0.04751
10,-0.07830
11,0.17464
12, 0.18257
13,-0.56607
14,0.15278
15,-0.46283
16,-1.60251
17,0.13523
18,0.17464
19,-0.04002
20,-0.00678
21,0.09714
22,0.16601
23,0.16203
24,0.12067
25,0.16607
26,0.13079
27,0.02934
28,0.02934
29,0.11865
30,-0.04414
31,0.10134
32,0.03032