Pothole Number,Bags used
406,2.2884867
1296,0.61200225
1438,0.6840997
105,1.2002718
1134,0.43688866
1278,0.30536965
434,1.3761213
479,1.2683518
114,1.0516058
144,0.83983594
1198,0.70071054
1040,0.493694
1040,0.3304578
1205,0.355518
1086,0.5040353
1161,0.32928884
1270,1.0604653
103,1.1271598
143,0.61570287
1280,0.3094199
1181,0.8092302
473,0.48446542
108,2.1482759
1115,0.38596615
1430,0.88810176
1409,0.8091216
470,0.85965204
450,0.585965
1162,0.2920992
1250,0.65061665
104,0.957536
