Pothole number,Bags used
103,0.43
104,0.8189850187265922
1040,0.3075
105,0.5472883895131087
108,0.585
1086,0.2775
1115,0.4075
1134,0.32
114,0.6025430711610487
1161,0.42
1162,0.3275
1181,0.3025
1198,0.4125
1205,0.4025
1250,0.2936441947565543
1270,0.5093220973782772
1278,0.4275
1280,0.405
1296,0.3425
143,0.3475
1409,0.2625
1430,0.3325
1438,1.45
144,0.4075
406,2.78
434,0.53
450,0.28
470,0.4475
473,0.715
479,0.55
