subset,mse,r2
1,9.823402590476796,-0.07200388796010992
2,9.837950217305634,-0.07359143487956787
3,9.838562133841009,-0.07365821183378363
4,9.829217985140367,-0.07263850775014191
5,9.84009038527295,-0.07382498617309552
