Pothole number,Bags used
143,0.46403146
114,1.8167176
1296,0.5133525
1205,0.46403146
1134,0.46403146
470,0.61313754
1198,0.46403146
406,2.2206635
1409,0.46403146
1250,0.46403146
105,0.70549256
1161,0.46403146
1115,0.48694104
1430,0.46403146
1280,0.46403146
473,0.46403146
1438,0.46403146
450,0.70815516
1270,0.46403146
1162,0.46403146
1086,0.46403146
1278,0.46403146
108,0.6169417
479,0.46403146
144,0.46403146
1040,0.46403146
1181,0.46403146
103,0.70601016
434,1.9061372
104,0.55718184
