Pothole number,Bags used
143,0.44983998
114,1.6224133
1296,0.5679787
1205,0.44983998
1134,0.44983998
470,0.6111183
1198,0.44983998
406,1.9726964
1409,0.44983998
1250,0.44983998
105,0.7777015
1161,0.44983998
1115,0.60383874
1430,0.44983998
1280,0.44983998
473,0.44983998
1438,0.62397414
450,0.7645776
1270,0.44983998
1162,0.44983998
1086,0.4804035
1278,0.44983998
108,0.6396228
479,0.44983998
144,0.44983998
1040,0.44983998
1181,0.44983998
103,0.77964544
434,1.6991265
104,0.57044625
