Pothole number,Bags used
143,0.1255808
114,0.09992048
1296,0.1161866
1205,0.11967818
1134,0.13234007
470,0.11096498
1198,0.12312581
406,0.10170536
1409,0.110533856
1250,0.12621611
105,0.10779476
1161,0.127133
1115,0.12057098
1430,0.118814126
1280,0.123769134
473,0.11171788
1438,0.113893814
450,0.10625547
1270,0.11319894
1162,0.134151
1086,0.110131264
1278,0.12508078
108,0.10167265
479,0.10399426
144,0.10720736
1040,0.12805289
1181,0.11864779
103,0.090904675
434,0.09446911
104,0.10755399
