Pothole number,Bags used
143,1.2040412
114,1.3080463
1296,1.1657143
1205,1.1688694
1134,1.1416621
470,1.3128283
1198,1.2741661
406,1.5902424
1409,1.2380698
1250,1.2695919
105,1.1104496
1161,1.1698626
1115,1.3009319
1430,1.3148577
1280,1.2290872
473,1.240561
1438,1.1062206
450,1.2608442
1270,1.2038884
1162,1.0763483
1086,1.257335
1278,1.2261072
108,1.6730239
479,1.3603554
144,1.3198235
1040,1.412085
1181,1.3989854
103,1.1970438
434,1.2737808
104,1.4028509
