Pothole number,Bags used
143,0.51120055
114,1.6978126
1296,0.58820164
1205,0.48833686
1134,0.5043965
470,0.85448194
1198,0.5407992
406,2.8648136
1409,0.5120919
1250,0.48204595
105,0.9815298
1161,0.39453816
1115,0.61322343
1430,0.6156933
1280,0.39536947
473,0.39679945
1438,0.63523775
450,0.73141915
1270,0.5468949
1162,0.39453816
1086,0.5326684
1278,0.5747434
108,1.1213943
479,0.6001815
144,0.5104383
1040,0.51320755
1181,0.6294672
103,0.975911
434,1.9439116
104,0.68901855
