Pothole number,Bags used
108,1.0326962
1438,0.4198602
103,0.7547064
1409,0.37964353
1040,0.3984982
1198,0.40935966
1161,0.23347118
144,0.46016955
1115,0.55247205
434,1.5177602
104,0.93675315
105,0.76927006
1430,0.38058478
473,0.36135173
1296,0.64783525
1162,0.38888854
479,0.47287956
1278,0.47287956
1250,0.35221505
143,0.38241956
450,0.79451936
1181,0.41918123
1205,0.4616171
1270,0.4495097
1280,0.33362743
470,1.3178725
406,1.5700904
1134,0.45922258
114,1.5184975
1086,1.0070473
